{
  "north": 21.75036248547889,
  "south": 21.399635482165447,
  "east": 39.35003961744549,
  "west": 39.050000000000004
}