{
  "north": 24.854647321045263,
  "south": 24.545370608768568,
  "east": 46.949982636518044,
  "west": 46.55
}