{
  "R": [
    0.16169999539852142,
    0.46970000863075256
  ],
  "G": [
    0.1559000015258789,
    0.3684000074863434
  ],
  "B": [
    0.15940000116825104,
    0.30000001192092896
  ]
}