{
  "cluster_1": {
    "pixel_count": 89508,
    "pixel_pct": 2.67,
    "feature_means": {
      "mean_ndvi": 0.332464,
      "trend_slope": 0.001242,
      "seasonal_amp": 0.075527,
      "first_half_mean": 0.309117,
      "second_half_mean": 0.35372
    },
    "monthly_ndvi": [
      0.294,
      0.2715,
      0.239,
      0.2756,
      0.2889,
      0.2403,
      0.2384,
      0.3281,
      0.2923,
      0.2942,
      0.3012,
      0.3247,
      0.3065,
      0.3002,
      0.3094,
      0.2698,
      0.2952,
      0.2663,
      0.2777,
      0.2634,
      0.2581,
      0.3445,
      0.3667,
      0.3504,
      0.3344,
      0.2968,
      0.3451,
      0.302,
      0.265,
      0.3412,
      0.3065,
      0.3049,
      0.3148,
      0.3284,
      0.3533,
      0.3443,
      0.352,
      0.378,
      0.3643,
      0.363,
      0.3607,
      0.3129,
      0.3216,
      0.2679,
      0.3243,
      0.3195,
      0.3008,
      0.3501,
      0.3275,
      0.4097,
      0.3382,
      0.3649,
      0.4697,
      0.3914,
      0.3113,
      0.3225,
      0.3484,
      0.3854,
      0.3223,
      0.343,
      0.3613,
      0.3216,
      0.4051,
      0.3549,
      0.2999,
      0.3554,
      0.3116,
      0.2937,
      0.3273,
      0.3971,
      0.3463,
      0.3703,
      0.4732,
      0.3984,
      0.4023,
      0.2457
    ]
  },
  "cluster_2": {
    "pixel_count": 2121092,
    "pixel_pct": 63.29,
    "feature_means": {
      "mean_ndvi": 0.060059,
      "trend_slope": -0.000138,
      "seasonal_amp": 0.019903,
      "first_half_mean": 0.062598,
      "second_half_mean": 0.057696
    },
    "monthly_ndvi": [
      0.0695,
      0.0731,
      0.067,
      0.0529,
      0.0638,
      0.0673,
      0.0599,
      0.0512,
      0.0639,
      0.0647,
      0.0692,
      0.0655,
      0.0691,
      0.0629,
      0.0641,
      0.0645,
      0.0635,
      0.0586,
      0.0597,
      0.0642,
      0.0621,
      0.053,
      0.0629,
      0.0608,
      0.0741,
      0.0615,
      0.0618,
      0.049,
      0.0561,
      0.0686,
      0.0548,
      0.0441,
      0.0595,
      0.0646,
      0.0539,
      0.0719,
      0.0707,
      0.0734,
      0.0618,
      0.0719,
      0.0642,
      0.0582,
      0.0576,
      0.057,
      0.0573,
      0.0558,
      0.0508,
      0.0528,
      0.0628,
      0.0688,
      0.0643,
      0.0664,
      0.0597,
      0.0603,
      0.0533,
      0.0505,
      0.0487,
      0.0496,
      0.0546,
      0.0657,
      0.0715,
      0.0755,
      0.0563,
      0.0545,
      0.0541,
      0.0622,
      0.0518,
      0.0484,
      0.0458,
      0.0538,
      0.052,
      0.0529,
      0.0623,
      0.0555,
      0.0544,
      0.0481
    ]
  },
  "cluster_3": {
    "pixel_count": 502369,
    "pixel_pct": 14.99,
    "feature_means": {
      "mean_ndvi": -0.031921,
      "trend_slope": -0.000414,
      "seasonal_amp": 0.042635,
      "first_half_mean": -0.025841,
      "second_half_mean": -0.037616
    },
    "monthly_ndvi": [
      -0.029,
      -0.0203,
      -0.0019,
      -0.0304,
      0.0014,
      -0.0023,
      -0.0133,
      -0.0321,
      -0.0187,
      -0.0226,
      -0.0312,
      -0.0469,
      -0.0439,
      -0.0433,
      -0.0262,
      0.0021,
      -0.0057,
      -0.0017,
      -0.0082,
      -0.0019,
      -0.0215,
      -0.0467,
      -0.0508,
      -0.0528,
      -0.0475,
      -0.0409,
      -0.0173,
      -0.0177,
      0.0083,
      -0.002,
      -0.0288,
      -0.0315,
      -0.0268,
      -0.0302,
      -0.0562,
      -0.0457,
      -0.0564,
      -0.0473,
      -0.0353,
      -0.0042,
      -0.0087,
      -0.0129,
      -0.0196,
      -0.0159,
      -0.028,
      -0.0432,
      -0.059,
      -0.0669,
      -0.0607,
      -0.0537,
      -0.0271,
      -0.0283,
      -0.0324,
      -0.0215,
      -0.0209,
      -0.0347,
      -0.0478,
      -0.0325,
      -0.0384,
      -0.055,
      -0.0648,
      -0.0435,
      -0.0609,
      -0.0317,
      -0.0076,
      -0.009,
      -0.0156,
      -0.024,
      -0.0424,
      -0.0564,
      -0.0616,
      -0.0785,
      -0.0794,
      -0.0738,
      -0.0367,
      -0.0136
    ]
  },
  "cluster_4": {
    "pixel_count": 609106,
    "pixel_pct": 18.18,
    "feature_means": {
      "mean_ndvi": 0.13784,
      "trend_slope": 0.000303,
      "seasonal_amp": 0.036662,
      "first_half_mean": 0.132733,
      "second_half_mean": 0.142591
    },
    "monthly_ndvi": [
      0.1402,
      0.1366,
      0.1192,
      0.1093,
      0.1202,
      0.1124,
      0.109,
      0.1237,
      0.1301,
      0.1301,
      0.1407,
      0.1454,
      0.144,
      0.1365,
      0.1317,
      0.1181,
      0.1185,
      0.1079,
      0.1153,
      0.1141,
      0.1162,
      0.1394,
      0.1551,
      0.149,
      0.1562,
      0.1352,
      0.1407,
      0.1109,
      0.1108,
      0.1372,
      0.1218,
      0.1123,
      0.1299,
      0.1402,
      0.1471,
      0.1514,
      0.1552,
      0.1646,
      0.1408,
      0.144,
      0.1389,
      0.1232,
      0.1266,
      0.1146,
      0.1343,
      0.1344,
      0.1265,
      0.1453,
      0.1484,
      0.17,
      0.1463,
      0.147,
      0.1576,
      0.1446,
      0.1223,
      0.1242,
      0.1345,
      0.1464,
      0.1386,
      0.1595,
      0.1676,
      0.1615,
      0.1555,
      0.137,
      0.1221,
      0.1388,
      0.1223,
      0.1181,
      0.1277,
      0.1576,
      0.1499,
      0.1585,
      0.1852,
      0.1627,
      0.1481,
      0.0991
    ]
  },
  "cluster_5": {
    "pixel_count": 29183,
    "pixel_pct": 0.87,
    "feature_means": {
      "mean_ndvi": 0.226636,
      "trend_slope": -0.003742,
      "seasonal_amp": 0.11459,
      "first_half_mean": 0.30171,
      "second_half_mean": 0.157392
    },
    "monthly_ndvi": [
      0.3272,
      0.2982,
      0.2665,
      0.4036,
      0.3397,
      0.3096,
      0.273,
      0.3754,
      0.3191,
      0.313,
      0.3086,
      0.3266,
      0.3014,
      0.2991,
      0.3396,
      0.2823,
      0.3138,
      0.2844,
      0.2924,
      0.2779,
      0.284,
      0.3357,
      0.3385,
      0.3211,
      0.2978,
      0.2668,
      0.3201,
      0.2926,
      0.2628,
      0.3206,
      0.3122,
      0.2789,
      0.2793,
      0.2814,
      0.2856,
      0.2737,
      0.2711,
      0.3078,
      0.3195,
      0.3194,
      0.3253,
      0.2624,
      0.2668,
      0.2151,
      0.2197,
      0.1848,
      0.1555,
      0.182,
      0.1442,
      0.2003,
      0.176,
      0.1809,
      0.2149,
      0.1723,
      0.1333,
      0.1257,
      0.1252,
      0.1378,
      0.1222,
      0.1129,
      0.111,
      0.1126,
      0.1127,
      0.1119,
      0.1072,
      0.1193,
      0.1025,
      0.0925,
      0.0895,
      0.1015,
      0.0838,
      0.0796,
      0.0979,
      0.0933,
      0.1288,
      0.1071
    ]
  },
  "_meta": {
    "n_clusters": 5,
    "n_valid_pixels": 3351258,
    "n_times": 76,